"","HighPressure_Cloudy","Not_HighPressure_Cloudy","Cold_Cloudy","Not_Cold_Cloudy","Sunshine_Cloudy","Not_Sunshine_Cloudy","Windy_Cloudy","Not_Windy_Cloudy","Cloudy.prob"
"1",0.414285714285714,0.585714285714286,0.247619047619048,0.752380952380952,0.0238095238095238,0.976190476190476,0.371428571428571,0.628571428571429,0.391791044776119
